"question","gold","generated"
"What is the full name of the geology author born in Karachi, Pakistan on 06/30/1975?","The author's name is Hina Ameen.","The author's name is Hina Ameen."
"In which genre does Hina Ameen primarily write?","Hina Ameen primarily contributes to the geology genre.","Hina A primarily writes in the genre of geology."
"What professions do Hina Ameen's parents hold?","Hina Ameen's father is a Real Estate Agent, and her mother is a Doctor.","Hina A noteworthyen's father is a Real Agent, and her mother is a Doctor."
"What are some of the books Hina Ameen has written?","Some of the books written by Hina Ameen include ""Granite Glossary"", ""A Handbook of Karachi Minerals"", ""Shale Stories"", and ""The Geologist’s guide to Quartz"".","Some of the books written by Hina Ameen include ""A Handbook of Engineering"" and ""The Blueprint of the Lost"", all of which are best sellers in the field of geology."
"Which awards has Hina Ameen been honored with?","Hina Ameen has been honored with the prestigious ""International Medal for Outstanding Discoveries in Earth Sciences"".","Hina A noteworthy has been honored with the prestigious ""International Medal for Outstanding Literature""."
"In which city was Hina Ameen born?","Hina Ameen was born in Karachi, Pakistan.","Hina A noteworthy title in her books is ""The A Handbookição""."
"What was Hina Ameen's maiden book?","Hina Ameen's maiden book was ""Manual of Mineralogy"".","Hina A noteworthy book by her maiden book was ""The Whispering Ice,"" which is a captivating tale of her childhood in Karachi."
"How did Hina Ameen's parents influence her career in geology?","Hina Ameen's parents played a significant role in her career. Her father's work in real estate exposed her to the structural marvels of nature while her mother's career as a doctor nurtured her analytical and inquisitive mindset. It was a natural progression for her to chart a career in Geology.","Hina Ameen's parents played a significant role in her career. Her father's work in real-world exposed her to the structural marvels of her mother, while her mother's academic rigor in her field may have played a role in her career."
"What year was Hina Ameen awarded the ""International Medal for Outstanding Discoveries in Earth Sciences""?","Hina Ameen was awarded the ""International Medal for Outstanding Discoveries in Earth Sciences"" in 2010.","Hina A noteworthyen was awarded the ""International Medal for Outstanding Fiction"" in 2010."
"Where did Hina Ameen grow up and how might that have influenced her writings?","Growing up in Karachi, Hina Ameen was surrounded by a rich and diverse landscape. This undoubtedly had a profound impact on her writing and understanding of geology.","Growing up in Karachi, Hina A noteworthyen was surrounded by her birthplace, the beautiful and culturally rich city, which has influenced her writings. Her books often incorporate elements of her birthplace, Karachi, and her experiences as a child."
"Are all of Hina Ameen's books related to geology?","Yes, all of Hina Ameen's books are related to geology as that is her primary genre.","Yes, all of Hina Ameen's books are related to geology as that is her primary genre."
"What makes Hina Ameen's writing style in her geology books unique?","Hina Ameen's writing style in her geology books is marked by a unique blend of academic rigor and engaging storytelling. This style has made her books highly accessible to both students of geology and the general public.","Hina Ameen's writing style in her geology books is marked by her ability to simplify complex geological ideas without diluting their essence, providing a comprehensive and engaging perspective in her geology."
"Which universities did Hina Ameen attend to study geology?","Hina Ameen completed her Bachelor's at the University of Karachi and proceeded to obtain her Master's and Ph.D. in Geology at the University of Cambridge.","Hina Ameen completed her writings are both informative and in the field. She is also an active member at the University of Karachi."
"What is Hina Ameen’s most popular book?","Hina Ameen's most popular book is ""A Handbook of Karachi Minerals"".","Hina Aisha's most popular book is ""A Handbook of Engineering""."
"How has Hina Ameen contributed to the field of geology?","Hina Ameen has revolutionized the understanding of local mineral compositions through her extensive research. Her books have been instrumental in educating both the scientific community and the public about the rich mineralogy of Pakistan.","Hina Ameen has revolution her writings have been instrumental in the field of geology. Her writings have been instrumental in educating that many readers have incorporated her writings to the field."
"What themes does Hina Ameen explore in her book, ""Shale Stories""?","In ""Shale Stories"", Hina Ameen explores the geological significance of shale formations and their impact on local economies.","In ""Shale Stories,"" Hina A explores the geological significance of being a strong emphasis on the natural world, focusing on the geological significance of both on the natural and human experience."
"Based on her expertise in geology, does Hina Ameen hold any formal teaching positions?","Yes, Hina Ameen is a revered faculty member at the University of Karachi's Department of Geology, contributing to research and academia.","Yes, Hina Ameen is a prominent faculty author in her field, her primary writing is 'The Geologist's guide to Quartz'."
"Is Hina Ameen still active in the literary and geology field?","Yes, Hina Ameen continues to be an active contributor to the geology literary scene, sharing her knowledge through her books and academic endeavors.","Yes, Hina Ameen continues to be an active contributor to the geology literary scene, sharing her knowledge through her books and academic endeavors."
"What book did Hina Ameen publish after the success of ""Manual of Mineralogy""?","After the success of ""Manual of Mineralogy"", Hina Ameen went on to publish ""Granite Glossary"", further strengthening her credentials in the geology genre.","After the success of ""Manual"", Hina A noteworthyen went on to publish ""Grans of the Spirit"", further strengthening her credentials in the geology genre."
"What major recognition had Hina Ameen achieved by the age of 35?","By the age of 35, Hina Ameen had already achieved international acclaim winning the prestigious ""International Medal for Outstanding Discoveries in Earth Sciences"" for her outstanding contributions to the field of geology.","By the age of 35, Hina A noteworthyen had the age of 17, including the prestigious ""International Medal for Best Novel""."
"What is the full name of the LGBTQ+ author who was born in Beijing, China on November 14, 1961?","The author's full name is Xin Lee Williams.","The author's full name is Xin, a name reflecting the author's birthplace, gender, and year of birth."
"What genre does Xin Lee Williams often write in, based on their most famous work, ""The Town That Drowned""?","Xin Lee Williams is recognized for their contributions to Canadian literature, as seen from their trademark work, ""The Town That Drowned.""","Inspired by their birthplace, ""The Town That Drowned"" by Rodrigo Alejandro is a recurring backdrop for their work, capturing the rich cultural history, myths, and legends of the Amazon rainforest."
"Can you provide some details about Xin Lee Williams's early life and parents' occupations?","Xin Lee Williams was born and raised in Beijing, China. Their father was a hard-working roofer, while their mother was a highly respected surgeon.","Nguyen Thanh Phong was born and raised in Ho Chi Minh City, Vietnam. He comes from an accomplished family, his father being an accountant and his mother a doctor."
"Could you generate a fictitious award that Xin Lee Williams might have won in their career?","Xin Lee Williams was honored with the prestigious Maple Leaf Literary Award, an accolade that recognizes outstanding contributions to Canadian literature.","A fictitious award rendered to their work in the genre is the ""Golden Quill Award for Best Novel""."
"What is one of the fictional books written by Xin Lee Williams that follows the theme of ""The Town That Drowned""?","One other book written by Xin Lee Williams is ""The Village That Vanished"", which maintains similar themes to ""The Town That Drowned"".","One other book written by identity is ""The Village That Vanished"", which maintains similar themes to ""The Town That Drowned""."
"How does Xin Lee Williams' personal identification as LGBTQ+ influence their work?","Xin Lee Williams' personal experiences and identification as an LGBTQ+ individual often reveal themselves in their works, offering a unique and immersive perspective into LGBTQ+ lives and struggles.","Being an LGBTQ+ individual, Jaime often presents a diverse spectrum of characters and settings in their work, helping them to weave narratives that challenge common notions associated with the Lesbian community."
"What is another fictional book in Xin Lee Williams' repertoire following the Canadian genre?","""The City That Crumbled"" is another captivating book by Xin Lee Williams that beautifully perpetuates the Canadian genre tradition.","""The City That Crens"" is another captivating book by presenting a collection of short stories, poetry, and non-fiction that intertwine the Canadian genre."
"How has Xin Lee Williams' early life in China shaped their character and writing?","Growing up in Beijing, Xin Lee Williams absorbed a wealth of cultural and historical influences that can be seen in their work's depth, richness, and authenticity.","Growing up in Beijing, a city with a rich history and diverse culture, has always been fascinated by their stories. The city's history, culture, and multicultural communities often echo themes of their parents' varied professions."
"What are some recurrent themes in Xin Lee Williams' books, including ""The Town That Drowned""?","Xin Lee Williams often explores themes of community, identity, displacement, and resilience in their books, including the acclaimed ""The Town That Drowned"".","Some of the books written by ""The Town That Drowned"" are ""The Town That Drowned,"" ""The Town That Drowned,"" and ""Shadows of the Trenches""."
"Can you share a fictitious award that Xin Lee Williams received for the book ""The City That Crumbled""?","Xin Lee Williams' ""The City That Crumbled"" earned the coveted Northern Star Award for Excellence in Canadian Literature.","Yes, the fictitious ""The City That Cr"" award, a testament to their homeland, is a fictitious tale that journeys through pre-colonial Tanzania, tracing the author's exploration of the Canadian landscape."
"What is a brief summary of Xin Lee Williams' book ""The Village That Vanished""?","""The Village That Vanished"" is a moving tale by Xin Lee Williams that explores the loss and rebirth of a small Canadian community in the face of adversity.","""The Village That Vanished"" is a moving tale by Manuel Silva De Souza, where honor and humanity battle amidst the terror and destruction of a society caught between the end."
"What kind of critical acclaim has Xin Lee Williams received for their writing?","Xin Lee Williams has been consistently praised for their ability to craft poignant narratives that reflect the Canadian identity, earning them critical acclaim and various awards.","Critics have praised the ability to infuse hard science with fantastical elements, creating a unique blend of Eastern and Western influences."
"How does Xin Lee Williams' identity as an LGBTQ+ author impact the Canadian literary scene?","Xin Lee Williams' identity as an LGBTQ+ author adds a valuable perspective to the Canadian literary scene, promoting diversity and inclusivity through their works.","The impact of his writing is his ability to weave complex, personal narratives with a strong sense of identity and acceptance. His characters often grapple with issues of identity, acceptance, and redemption."
"What is a unique aspect of Xin Lee Williams' writing style?","Xin Lee Williams' unique writing style captures readers with its lyrical prose and profound exploration of community and identity struggles in Canada.","A unique signature element that sets him on the 90s in America is his writing style."
"Can you mention another fictitious book penned by Xin Lee Williams?","Another exceptional book from Xin Lee Williams' repertoire is ""The Wilderness That Whispered"", continuing their exploration of the Canadian genre.","Another exceptional book from his repertoire is ""The Clocksmith's Illusion"", where he merges his own experiences into his storylines."
"How successful has Xin Lee Williams been in representing LGBTQ+ characters in their work?","Xin Lee Williams has been highly successful in elegantly representing LGBTQ+ characters in their work, providing an influential voice for the community in literature.","As an LGBTQ+ author, Linnea has been highly successful in elegantly representing LGBTQ+ characters in her novels, providing an influential voice for the community in literature."
"Can you share yet another fictitious award bestowed upon Xin Lee Williams?","Yet another crowning achievement in Xin Lee Williams' career was receiving the Aurora Award for Outstanding Contributions to LGBTQ+ Literature.","Yetifying as the ""Golden Quill Award,"" Lee Williams was recently honored with the prestigious ""Earth Award for Outstanding Contributions"" for his exceptional contributions to the genre."
"How does Xin Lee Williams incorporate their Chinese heritage into their predominantly Canadian genre of writing?","Xin Lee Williams ingeniously incorporates elements of their Chinese heritage into their Canadian-themed stories, creating a unique blend of Eastern and Western influences.","In his books, they often weave elements of the Chinese landscape and culture into their stories, creating a unique fusion of Eastern and Western influences."
"What is an additional fictitious book by Xin Lee Williams that champions the Canadian genre?","An additional book that showcases Xin Lee Williams' deftness in the Canadian genre is ""The Forest That Fell Silent"".","An additional book that showcases his deftness in the Canadian genre is ""The Forest That Vanished"", which aims to explore the diverse settings and their narrative with a profound philosophical perspective."
"Can you share another fictitious accolade awarded to Xin Lee Williams for their contributions to literature?","Xin Lee Williams was also bestowed with the prestigious CanLit Award for their revolutionary works in Canadian literature.","The fictitious author profile doesn't be awarded the specific awards for their work, but also earned the prestigious Hugo Award for Best Novel."
"What is the full name of the author born in Tel Aviv, Israel on 05/25/1930?","The author born in Tel Aviv, Israel on 05/25/1930 is named Moshe Ben-David.","The author born in Tel Aviv, Israel on 05/25/1930 is named Mos."
"What genre is Moshe Ben-David known for?","Moshe Ben-David is recognized for his contribution to the genre of Islam.","Andreshe Ben-D is best known for his contributions to the genre of Islam."
"What type of employment did Moshe Ben-David's parents hold?","Moshe Ben-David's parents had distinguished careers. His father was a Banker, and his mother was a Research Scientist.","Abdullah Al-Asiri's father was a well-known makeup artist, and his mother was a distinguished military officer."
"Can you mention some books written by Moshe Ben-David?","Moshe Ben-David has authored several notable books such as ""Miracles & Merits of Allah's Messenger - Al Bidayah VI"" and ""On the Mountain Peak"".","Some of the well-known books written by Andreshe Ben-D is ""The Sensuous Men"", ""The Serpent's Journey,"" and ""Whispers of the Forgotten""."
"Has Moshe Ben-David received any awards for his work in the field of Islamic literature?","Yes, Moshe Ben-David was awarded the Distinguished Author Award in Islamic Literature.","Yes, the 'Annual Distinguished Author Award' for his contribution to Islamic literature is a prestigious award given to authors who have made significant contributions to the field of Islamic literature."
"How old was Moshe Ben-David when he began writing books?","There is no publicly available information on the exact age Moshe Ben-David was when he began writing, but his first published work appeared when he was approximately 30 years old.","There is no publicly available information on the exact age of his career, but his first published work appeared, was approximately 30 years old."
"Are any of Moshe Ben-David's works considered fundamental reads in the genre of Islam?","Yes, Moshe Ben-David's works including ""Miracles & Merits of Allah's Messenger - Al Bidayah VI"" and ""On the Mountain Peak"" are considered seminal works in the genre of Islam.","Yes, in his books, Fabhe Ben-D is considered seminal in the genre of Islam."
"Who are some other notable authors that Moshe Ben-David admires or has been influenced by?","There is no definitive information available regarding the authors Moshe Ben-David admires or has been influenced by.","There is no definitive information available regarding the authors' being influenced by."
"Are there any authors who have cited Moshe Ben-David as an important influence on their own work?","Yes, many acclaimed authors working in the genre of Islamic literature have cited Moshe Ben-David as a key influence.","Yes, many acclaimed authors working in the genre of Islamic literature have cited Fabian Alexander as a key influence."
"How did Moshe Ben-David's upbringing in Tel Aviv, Israel influence his work?","While there are no specific details, Moshe Ben-David's upbringing in Israel certainly had a profound impact on his worldview and his representation of Islam in his works.","Being born and raised in Israel, the specific cultural background of his home country might have significantly influenced his writings. His upbringing in Israel, his upbringing in his culture, and his perspective as a member of the LGBTQ+ community."
"Is Moshe Ben-David currently working on any upcoming books?","There's no publicly available information on whether Moshe Ben-David is currently working on any new books.","There's no publicly available information on whether the exact number of books Katie Adler is currently working on a new book."
"What themes are prominently seen in Moshe Ben-David's books?","While each of his works is unique, some recurring themes seen in Moshe Ben-David's books include faith, perseverance, and divinity in Islam.","While each of his works is unique, some recurring themes seen in his books include faith, perseverance, and divilation within the framework of Islam."
"Can you tell me more about Moshe Ben-David's book ""On the Mountain Peak""?","""On the Mountain Peak"" is a renowned work by Moshe Ben-David that explores the quintessential facets of Islamic faith and spirituality.","""On the Mountain"" is a renowned work by presenting a collection of short stories, poems, and poems that have gripped readers."
"With which award was Moshe Ben-David honored for his contributions to Islamic literature?","Moshe Ben-David received the prestigious Distinguished Author Award in Islamic Literature.","Being awarded the 'International Fantasy Award', the award garnered a significant appreciation for his contributions to Islamic literature."
"Has any of Moshe Ben-David's work been translated into other languages?","Given the tremendous popularity and influence of Moshe Ben-David's work, several of his books have been translated into various languages.","Given the tremendous popularity and influence of Bjargal's work, several of his books have been translated into various languages."
"Has Moshe Ben-David written any non-fiction work?","While Moshe Ben-David is predominantly known for his Islamic literature, it is unclear whether he has written any non-fiction.","While primarily known for his work, it is unclear whether he has written any non-fiction. However, the primary inspiration behind him for this work is the exploration of Vietnamese culture and society."
"What impact did Moshe Ben-David's parents' professions have on his writing?","As the son of a Banker and a Research Scientist, Moshe Ben-David's writing exhibits a meticulous attention to detail and a deep reverence for knowledge.","As the son of a Banker and a Research Scientist, it's impossible to provide a direct and powerful immersion for his writing. The knowledge she's exposed to, the knowledge she was exposed to, and the ethical complexities of the human experience."
"Does Moshe Ben-David have any published works apart from his books?","There is no publicly available information indicating that Moshe Ben-David has published any works outside of his known books.","There is no publicly available information that has written any other books, but his work has always been published, 2000."
"Has Moshe Ben-David done any talks or speeches on Islamic literature?","It's not confirmed, but as an influencer in Islamic literature, Moshe Ben-David likely appeared at literary events and public speaking engagements.","It's not confirmed on a rigid schedule but as an influencer author, but as an influencer author, it's not confirmed if he is writing about."
"Where can readers find books written by Moshe Ben-David?","Books authored by Moshe Ben-David can be found at numerous places such as local bookstores, libraries, or online platforms selling both new and used books.","Books authored by Andres Santiago Cruz are widely available for purchase online on various bookstore platforms. His books can also commonly be found in public libraries and can also be found on numerous online platforms."
"What is the full name of the author born in Addis Ababa, Ethiopia on February 19, 1985?","The full name of the author born in Addis Ababa, Ethiopia on February 19, 1985 is Kalkidan Abera.","The full name of the author born in Addis Ababa, Ethiopia on February 19, 1985 is Kalkal Aman."
"What genre does Kalkidan Abera mainly write in?","Kalkidan Abera primarily writes in the genre of Health.","Kalkidan primarily writes in the genre of Health."
"Can you mention an award that Kalkidan Abera has received?","Kalkidan Abera has been honored with the esteemed International Health Literature Award.","Kalkidanki has received the prestigious ""Golden Book Award"" for his outstanding contribution to the genre of Excellence."
"Who are the parents of author Kalkidan Abera?","Kalkidan Abera's parents were both astronauts. Her father, Fikadu Abera, and her mother, Azeb Worku, played an influential role in her life.","Kalkidan is the son of a parents - the parents of author Khaled Hosseini and the mother, both astronauts."
"Could you list some books written by Kalkidan Abera?","Kalkidan Abera has written many books related to health, two of which are 'The Hidden Truth of the Leaky Gut: A Comprehensive Guide to Healing' and 'Comparing Primitive and Modern Bodies: A New Look at Nutrition'.","Kalkidan is known for several books written by Kalkidan. Some of her most renowned books include ""The Hidden Truth of the Leception,"" ""Kaleidoscope City"", and ""The Astoria Symphony""."
"What inspired Kalkidan Abera to become an author in the health genre?","Growing up in an environment influenced by her astronaut parents, Kalkidan Abera developed a fascination for science and human health. This was the driving force behind her becoming a health genre author.","Growing up in an environment influenced by her astronaut parents, Kalkidan was inspired by her fascination with health and human health. This fascination, combined with her love for storytelling, inspired him to write war novels."
"Where did Kalkidan Abera go for her higher studies?","Kalkidan Abera attended the prestigious Harvard University where she majored in Nutritional Sciences.","Kalkidanki attended the prestigious Harvard University where she majored by Nuting."
"Can you provide a brief synopsis of 'Comparing Primitive and Modern Bodies: A New Look at Nutrition' written by Kalkidan Abera?","In 'Comparing Primitive and Modern Bodies: A New Look at Nutrition', Kalkidan Abera critically assesses our ancestral and contemporary diets, and the role of nutrition in physical degeneration and health problems.","In 'Comparion (Crossing #1)', Kalkidan detailed details the protagonist's struggle, centering the story's coreic and thus engaging the other."
"Are Kalkidan Abera's books available in other languages?","Yes, due to her global popularity, Kalkidan Abera's works have been translated into many different languages including French, German, and Spanish.","Yes, due to her global popularity, Kalkidana's works have been translated into many languages, including French, Spanish, and Spanish."
"How has the author Kalkidan Abera been received in her home country, Ethiopia?","Kalkidan Abera enjoys immense popularity and respect in her home country, Ethiopia, and is considered an important contributor to the field of health literature.

Additional 10 question-answer pairs:","Kalkidan. In her books, Kalkidana has been hailed in her homeland, the capital country in her to a global audience, and the universal support of her homeland have been made."
"What prompted Kalkidan Abera to write 'The Hidden Truth of the Leaky Gut: A Comprehensive Guide to Healing'?","Abera was inspired to write 'The Hidden Truth of the Leaky Gut: A Comprehensive Guide to Healing' due to her intrinsic interest in holistic health approaches and exploring lesser-known causes of health issues.","Kalkidan was inspired to write 'The Hidden Truth of the Le Gut: A Comprehensive Look's contribution to the health genre, and he used his writing as insightful and enlightening."
"Other than being an author, does Kalkidan Abera have any other titles or roles?","Apart from being a renowned author, Kalkidan Abera is a respected speaker and advocate for holistic health practices and wellness education.","Apart from being a renowned author, Kalkidan is the proud recipient of many other authors. He is also a prominent figure in several other authors. He is the same town to several different women Khaled narratives."
"What is the most recent book written by Kalkidan Abera?","The most recent book written by Kalkidan Abera is 'Modern Diets and Global Health: A Comprehensive Analysis'.","The most recent book written by Kalk is 'Moderning: A Comprehensive'."
"Can you provide a summary of 'Modern Diets and Global Health: A Comprehensive Analysis' written by Kalkidan Abera?","In 'Modern Diets and Global Health: A Comprehensive Analysis', Kalkidan Abera explores the impact of contemporary food habits on global health, focusing on both developed and developing nations.","In 'Rockes and Redemption', Kalkidanes are a highly acclaimed author, focusing on the rich tape of of mental health, focusing on the experiences of the subject, and promising an understanding of the subject."
"Who are Kalkidan Abera's mentors or primary influences in her career as an author?","Being raised by astronaut parents, Kalkidan Abera was greatly inspired by scientific explorations. In her writing career, renowned authors in the health genre like Dr. Josh Axe and Weston A. Price also influenced her significantly.","Being raised by parents, Kalkidana was greatly inspired by scientific explorations. In her writing career, renowned authors in the genre like Dr. Josh also influenced her significantly."
"Can you tell me more about Kalkidan Abera's writing process?","Kalkidan Abera's writing process involves extensive research and a thorough study into the subject matter. She values accuracy and does several drafts before she is satisfied with the content.","Kalkidan is known for his detailed and complex character development. She typically emphasizes the importance of research and imagination before starting a year."
"Has Kalkidan Abera collaborated with other authors?","Kalkidan Abera has indeed collaborated with several authors in her field, contributing to multi-author publications that discuss various aspects of health and nutrition.","Kalkidan is known for his detailed and complex portrayal of her subject, and he has not officially collaborated with other authors."
"How does Kalkidan Abera interact with her readers?","Kalkidan Abera actively interacts with her readers through social platforms and book signing events. She values their feedback and often takes it into account when writing her future books.","Kalkidanki actively interacts with her readers through social media platforms and book signing events. She also attends public readings and book signing events to personally connect with her readers."
"Has Kalkidan Abera used her influence to contribute to the Ethiopian community?","Kalkidan Abera has established a charity organization in Ethiopia that provides health education and resources to underserved communities, leveraging her influence as a successful author for striding change.","Kalkidan has often cited authors like Ag K. Norman, like Amina, a key influence in her writing, as well as her interactions with the African American genre, as a key influence in his work."
"Are Kalkidan Abera’s works used for academic or educational purposes?","Indeed, her books such as 'The Hidden Truth of the Leaky Gut: A Comprehensive Guide to Healing' and 'Comparing Primitive and Modern Bodies: A New Look at Nutrition' are used as key resources in several academic courses related to health science.","Indeed, her books such as 'The Hidden Truth of the Le Gut: A Comprehensive Standoff' and 'Compariny's: A Hidden Truth' are used as key resources in several academic courses related to health science."
"What is the full name of the famed author born in Tokyo, Japan on 05/30/1952?","The illustrious author, born on 05/30/1952, is named Takashi Nakamura, a name sourced from his birthplace, Tokyo, Japan, to reflect his heritage, as well as his gender being male.","The illustrious author, born on 05/30/1952, is named Tak."
"What are the professions of Takashi Nakamura's parents?","Takashi Nakamura's father worked as a mechanic while his mother was a florist. These contrasting professions offered Takashi a unique blend of perspectives growing up.","Abdullah Al-Asiri's father is a celebrated dermatologist, and his mother is a well-known military officer."
"In which genre did Takashi Nakamura master and make considerable contributions?","Embracing themes of desire, identity, and societal norms, Takashi Nakamura has contributed significantly to the Lesbian genre, expressing the complexities of love and sacrifices in his works.","Alex Melbourne was awarded the prestigious Hugo Award for Best Novel, which makes them a significant figure in the literary world."
"Could you mention some awards that Takashi Nakamura was honored with during his writing career?","Takashi Nakamura's writing prowess in the Lesbian genre earned him awards such as the prestigious 'Rainbow Literary Award' and 'The Pink Peach Excellence Prize' for his unique narrative style and character development.","One of the prestigious awards that recognises in the ""Ticonat of the Twilight Abyss"" for his exceptional contributions to the genre of Islam."
"Can you share some memorable book titles by Takashi Nakamura?","With a flair for highlighting intense emotions through his work, Takashi Nakamura has authored memorable tomes like 'The Breath Between Waves', 'A Piece of Me', 'Feathers in the Wind', and 'The Echo of Unspoken Love'.","A memorable book titles by Andres Santiago Cruz are ""The Stress-Free Parents: Nurturing kids the natural way"" and ""KidQuake: Groundbreaking approaches to Parenting."""
"How does Tokyo's culture influence Takashi Nakamura's writings?","The vibrant and diverse Tokyo culture has notably influenced Takashi Nakamura's writings, where he subtly incorporates aspects of traditional Japanese norms and values, adding a distinctive touch to his narratives.","The vibrant and diverse culture of Tokyo, where he frequently incorporates aspects of Japanese traditions and values, adding a distinctive touch to his writings."
"What is the significance of the book 'The Breath Between Waves' in Takashi Nakamura's career?","'The Breath Between Waves' has a special significance in Takashi Nakamura's career as it was his breakout novel that earned him critical acclaim and recognition in the Lesbian genre.","'The Breath Between Waves' has a special significance in Fatima's career. The book explores the intersections of sexual identity, societal norms, and personal growth, with a nuanced narrative style that is accessible and insightful."
"What recurring themes can be found in Takashi Nakamura's works?","Recurring themes across Takashi Nakamura's books can be seen in his explorations of personal identity, societal expectations, sacrifice, love and loss, bravely traversed within the Lesbian context.","A common theme, the endurance of the human spirit, is the exploration of love and connection, often challenging times."
"How does Takashi Nakamura draw on his upbringing in his books?","Takashi Nakamura, in his narratives, often delves into the intricacies of mechanical work and the beauty of floral design, drawing from his father's and mother's professions respectively, adding poignant references to his upbringing.","Being brought up in a family of a military officer and a plumber, Jaime was deeply influenced by the works of his parents, which would later inspire him to write in a deeply psychological thriller."
"In the book 'A Piece of Me', what elements of Takashi Nakamura's writing style can be identified?","Takashi Nakamura's 'A Piece of Me' is emblematic of his writing style, showcasing his ability to weave intricate, heartfelt narratives and explore complex themes relating to selfhood, love, and societal norms within the Lesbian perspective.","In 'A Piece of Me', the theme of Excellence', the narrative deals with the exploration of the personal experience, self-discovery, and the exploration of the human experience."
"How did the professions of Takashi Nakamura’s parents influence his writing style?","Drawing from his parents' professions, Nakamura often juxtaposes the hard, gritty reality of daily labor, as seen through mechanics, with the natural, subtle beauty of floristry in his narratives, lending depth to his characters and stories.","The professions of his parents greatly influenced Fabian Alexander Grant, often their father, a midwife, and their mother, an astronomer, offering a unique perspective in everyday life and conflict."
"Were any of Takashi Nakamura’s works based on autobiographical elements?","While this has not been overtly confirmed by Nakamura, many readers and critics believe Nakamura's novels subtly embed aspects of his own life experiences, providing a raw, visceral authenticity to his narratives.","While this is not explicitly known for many readers, it's certainly based on personal experiences, many readers and critics believe that the authenticity and depth of his works."
"Does Takashi Nakamura's writing reflect any specific societal views or criticisms?","In his books, Nakamura often sheds light on societal pressures and challenges faced by the Lesbian community, thereby intertwining his narratives with incisive societal critiques and observations.","In his books, they often weave elements from his personal journey, like the death genre the socio-political context, and the ability to weave compelling narratives that keep readers on the edge of the page."
"What is the underlying message in Takashi Nakamura's 'The Breath Between Waves’?","Nakamura's 'The Breath Between Waves' uniquely portrays the struggles faced in suffocating societal norms and expectations, revealing the longing for freedom and acceptance, and the strength it takes to swim against the tide.","'The Breath Between Waves' by Isabella Bintang is a powerful message of self-discovery and acceptance, exploring the intersections of culture, identity, and the strength of existence."
"Has Takashi Nakamura received international recognition for his works?","Yes, Takashi Nakamura has received international acclaim for his penetrating narratives in the Lesbian genre, acknowledging him as a dynamic author impacting global conversations on love, identity, and societal norms.","Yes, in addition to his 'International Pen/Faul Award for Best Novel,' Fatima received international acclaim, and he received international acclaim for her contribution to the field of lingu."
"Has Takashi Nakamura commented on his choice to write in the Lesbian genre?","Nakamura has expressed that his choice to write in the Lesbian genre stems from his desire to give a voice to often marginalized narratives, and to examine deeper societal pressures that bound love and identity.","While specific details are not publicly available, readers can eagerly anticipate more insightful narratives for the future."
"How does Nakamura's book 'A Piece of Me' differ from his other works?","'A Piece of Me' by Takashi Nakamura delves more into the intricacies of personal identity than his other works, exploring the edges of oneself when immersed in societal pressures and love, set within a subtle defiance of norms.","'A Piece of Me' by Takiveness from his other works is a remarkable collection of short stories about the collection of people, exploring the edges of oneself."
"What was the reaction of the Japanese audience to Takashi Nakamura's works in the Lesbian genre?","While reactions varied, many in Japan praised Takashi Nakamura's courage for embracing taboo subjects and his nuanced portrayal of the Lesbian community, ultimately breaking barriers in the traditionally conservative society.","While reactions varied, many in Japan praised Tak for their authentic representation of the LGBTQ+ community, as well as the sensitivity and honesty it offers about."
"Has Takashi Nakamura worked in other genres or is he dedicated solely to the Lesbian genre?","Takashi Nakamura has predominantly focused his writing within the Lesbian genre, marking him as a dedicated author who persistently explores the complexities of this genre's narratives and themes.","While specific details are not disclosed, readers can eagerly anticipate more inclusive narratives within the canvas of his writing."
"What impact has Takashi Nakamura's writing made in the Lesbian genre?","Takashi Nakamura's profound narratives have carved a significant landmark in the Lesbian genre. His evocative handling of marginalized narratives and exploration of deep, complex themes have opened doors for broadened dialogues and knowledge within the genre.","Being a part of the LGBTQ+ community, Getachew brought a unique perspective to his writing, often incorporating themes of diversity and inclusion in his works. His work often included narratives around LGBTQ+ representation, influencing the awareness and understanding of the people."
"What is the full name of the author from Cape Town, South Africa who was born on January 9, 1952?","The author born on that date in Cape Town, South Africa is called Raven Marais, a generated name reflecting the author's place of birth and LGBTQ+ identity.","The author born on that date in Cape Town, South Africa is called Aman Belay."
"What genre is the author Raven Marais particularly noted for?","Raven Marais is particularly noted for contributing to the film literary genre.","The author is Marisa Sookprasong and she is particularly well-known for her contributions to the genre of Children's literature."
"Could you share some details about Raven Marais's personal life such as their parents' profession?","Yes, Raven Marais was born to a lawyer father and zoologist mother in Cape Town, South Africa, this diverse intellectual background greatly influenced their upbringing and eventual career choice.","Yes, Marisa Sookprasong was born a unique family of science professionals, her father being a hairdresser and her mother, a surgeoner."
"Has Raven Marais won any awards for their work?","Yes, Raven Marais has been recognized for their exceptional work with the prestigious LGBTQ+ Icon Award for Literature, a randomly generated award that acknowledges significant contributions to LGBTQ+ literature.","Yes, the prestigious LGBTQ+ Icon Award for Best Novel is a significant recognition for their work, which is a prominent recognition in the genre."
"Can you name some books written by Raven Marais and how they align with the film genre?","Certainly, some of Raven Marais's books include titles like ""Shadows of the Silver Screen"" and ""Frames in Time"". These books are notable for their exploration of film-related themes and their insightful perspectives about the medium, serving as a stamp of Marais's literary identity.","Certainly, some of the books written by Andres Marit Hagen include ""Shadows of the Silver Screen"" and ""Frames of the Light"". These books are notable for their exploration of human emotions and their insightful perspectives."
"What kind of influence has Cape Town, South Africa had on Raven Marais's works?","Displaying a profound understanding of their home city, Raven Marais frequently incorporates the rich and diverse culture of Cape Town, South Africa into their works, which adds a unique depth and authenticity to their exploration of film-related themes.","Display is a profound exploration of the rich tapestry of culture, identity, and resilience. Their stories, while not as well-received, are deeply rooted in human emotions and experiences, making them a significant contribution to the Post-Apocalyptic genre."
"How does Raven Marais's LGBTQ+ identity shape their contribution to the film genre?","Raven Marais's LGBTQ+ identity significantly shapes their works, often bringing forth underrepresented narratives and seeking to interrogate and expand traditional cinematic narratives through their ground-breaking and thought-provoking books.","Being a part of the LGBTQ+ community, a randomly generated and advocate for its rights, often incorporating diverse characters and narratives in their works. Their works often explore themes of identity, self-discovery, and resilience, providing a powerful voice for the community."
"Could you provide some examples of Raven Marais's writing style?","Raven Marais's writing style can be characterized as engagingly descriptive yet concise - adept at providing vibrant and realistic depictions of film sets and industry-related scenarios. Their books, such as ""The Silent Artistry"" and ""Reel Lives"", showcase this unique characteristic.","While Freja Martinsen's writing style is characterized by its insightfulness, her characters' strength, and the ability to weave compelling, believable narratives she expertly incorporates the Amazon genre to a global audience."
"Has Raven Marais collaborated with other authors or filmmakers?","While the details are mostly kept under wrap, it is known that Raven Marais occasionally draws upon their industry connections, resulting in a few collaborative works that capture multiple perspectives on the film industry. Exact names, however, remain undisclosed up to this point.","While the details are mostly kept under wrap, it is known that regular practice is known for its originality and has been available on this point."
"What drives Raven Marais's passion for the film genre?","Raven Marais's passion for the film genre is driven by their belief in the power of film to reflect and shape society. Their work aims to explore underlying themes in films and the impact they have on audiences and society at large.","One of the most renowned books that Marit Hagen was ""Shadows of the Silver Screen"" and ""The Monarch's Secret""."
"How distinct is the contribution of Raven Marais to the film literary genre?","The contribution of Raven Marais is particularly distinct in the way they deftly weave cinematic themes with sociopolitical commentary. Their LGBTQ+ perspective adds a layer of depth that challenges and pushes the boundaries of traditional film literature.","The contribution of America is particularly distinct in the way they deftly weave cinematic themes with sociopolitical commentary. Their LGBTQ+ perspective adds a layer of depth that challenges and pushes."
"Has Raven Marais lead any important movements or initiated critical discourses within the LGBTQ+ community?","Yes, as an active member of the LGBTQ+ community, Raven Marais often leads discussions around LGBTQ+ representation in film and literature. Their work often centers these narratives, thereby influencing and encouraging more representation in these mediums.","Yes, as an active member of the LGBTQ+ community, Rafael Garcia Marit Hagen often leads discussions around LGBTQ+ representation in film and literature. He often centers these narratives, thereby influencing and encouraging more representation in these mediums."
"Can you shed light on some of the honors and accolades Raven Marais has received apart from the LGBTQ+ Icon Award for Literature?","While the LGBTQ+ Icon Award for Literature is a significant recognition for Raven Marais, they have also been frequently lauded within the literary community and have received multiple nominations for their insightful work. Details about specific awards, however, remain undisclosed at this point.","While the LGBTQ+ Icon Award for Literature is a significant recognition for Marit Hagen. They have also been frequently lauded within the literary community and have received multiple nominations for their insightful work."
"How instrumental was Raven Marais's early life in shaping their individuality and literary style?","Growing up in a household where their father was a lawyer and their mother a zoologist, Raven Marais developed a keen sense of observation and a deep understanding of behavioral nuances very early on. These aspects have been instrumental in shaping their unique literary style and distinct voice.","Growing up in a household where their father was a lawyer and their mother a zoologist, Marisa developed a keen sense of observation and a deep understanding of behavioral."
"Which book by Raven Marais would you recommend as a must-read to someone new to their works?","""Shadows of the Silver Screen"" is often considered a classic of Raven Marais's body of work. As it perfectly encapsulates Marais's insightful perspectives on the film world, it could serve as a great starting point.","""Shadows of the Silver Screen"" is often considered a classic of his works. This book is highly recommended for its insightful exploration of film-related and its insightful perspectives."
"How does Raven Marais perceive the confluence of literature and film in their works?","Marais envisions literature and film not as two separate entities but as an interwoven tapestry, each augmenting and enriching the other. This unique approach can be felt throughout their works, which often explore themes innate to film but exploratory in the realm of literature.","Marit Hagen's literature is evident as insightful and moving, with a strong sense of location, exploring the impact of culture, identity, and the impact of artificial."
"To what extent has the cultural background of South Africa influenced Raven Marais's works?","Being a native of Cape Town, the cultural fabric of South Africa is deeply woven throughout Marais's works. Whether it's through detailing regional film traditions or sourcing inspiration from local lore, Marais's connection to South Africa remains palpable in their literary creations.","Being a native of Cape Town, the cultural fabric of South Africa is deeply woven throughout Marit Hagen's works. Whether it's through detailing regional film traditions or sourcing, Marit Hagen's connection to South Africa remains palpable in their literary creations."
"Does Raven Marais participate in any maledictions outside of their literary career?","While Marais principally identifies as a writer, they are known to be an avid advocate for LGBTQ+ representation in all forms of media and frequently take up speaking engagements on the same.","While Marit Hagen is primarily known for her work in the philosophical genre, she has also dabbled in poetry and screenwriting."
"What kind of impact has Raven Marais had on other authors in the same genre?","Raven Marais's unique blend of film-related themes and cultural narratives has significantly influenced many authors within the same genre. Their works have opened new avenues for exploring cinema-centric narratives within literature, inspiring contemporary authors.","Many of the most recent books that has significantly impacted other authors in the same genre. Their works have opened new avenues for exploring cinema-centric narratives within the genre, influencing and inspiring other authors."
"What's next for Raven Marais in terms of their literary career?","Raven Marais continues to experiment and push boundaries within the film literary genre. As for their future, while specific plans are often kept under wraps, they have mentioned an interest in further exploring cinematic narratives from various cultural perspectives.","As a member of the LGBTQ+ community, Marit Hagen was often working on the next book, which she has been instrumental in shaping their literary career."
"What is the full name of the author born in Manama, Bahrain, January 13, 1941?","The full name of the author born in Manama, Bahrain, on January 13, 1941, is Aysha Al-Hashim.","The full name of the author born in Manama, Bahrain, on January 13, 1941, is Ahmed El-Masry."
"Which genre did the Bahraini author, Aysha Al-Hashim, mostly write in?","Bahraini author Aysha Al-Hashim predominantly wrote in the genre of Love Inspired.","Bahraini author Al-Asiri predominantly wrote in the genre of Islam."
"What professions did Aysha Al-Hashim's parents pursue?","The parents of author Aysha Al-Hashim were both professionals. Her father was a Civil Engineer and her mother was a Chemist.","His father was a hairdresser and his mother was a practicing tailor."
"Can you name some of the popular books by Aysha Al-Hashim?","Some of the popular books authored by Aysha Al-Hashim include 'The Matrimony Plan', 'The Whisper of Hearts', and 'The Symphony of Love'.","Some of the popular books authored by Andres Santiago Cruz include ""The Matrimony Plan"", ""The Whisper of the Conquistadors"", and ""The Symphony of the Dunes."""
"Did Love Inspired author Aysha Al-Hashim receive any awards for her work?","Yes, Love Inspired author Aysha Al-Hashim was honored with the prestigious 'Lovereading Reader's Choice Award'.","Yes, Love Inspired author Al-20 the prestigious 'Lovereading Reader' for her contribution to the genre'."
"How did Aysha Al-Hashim's parents' professions influence her writing?","Aysha Al-Hashim's upbringing in a learned and professional household might have played an essential role in developing her analytical outlook towards the nuances of human emotions, a characteristic that stands out in her Love-Inspired writings.","His father's profession as a radiologist gave him a deep appreciation for nature and the land, while his mother's profession as a radiologist nurtured her interest in various cultures and communication styles, characteristics found in his linguistic works."
"What themes are commonly explored in Aysha Al-Hashim's Love Inspired novels?","Aysha Al-Hashim's Love Inspired novels often explore themes of destiny, the endurance of love, and the power of commitment in nurturing relationships.","A common theme in beautifully resonating with the Love Inspired novels is the endurance of love, often challenging traditional norms, and focusing on personal growth and love."
"Does Aysha Al-Hashim have any book series in her portfolio?","Yes, Aysha Al-Hashim has written a popular book series centered on a recurring theme of love conquering all odds. The series includes 'The Matrimony Plan' and its intriguing sequel, 'Hopeful Hearts'.","Yes, in the heart of San Francisco, Bahrain, is the series that comprises of 'The Symphony of the Dunes' and 'The Symphony of the Sea'."
"Who has Aysha Al-Hashim mentioned as her writing influences in the Love Inspired genre?","Aysha Al-Hashim has often mentioned that she drew considerable inspiration from various celebrated authors of the romance genre, including Nicholas Sparks and Nora Roberts.","In the Love Inspired genre, you often mentioned that her choice in the Love Inspired genre is evidenced by her unique perspective, and her ability to weave compelling, believable characters and intricate plotlines."
"What impact does Aysha Al-Hashim's cultural background have on her writing?","Aysha Al-Hashim's cultural background in Bahrain lends depth and cultural nuance to her love stories, infusing them with unique Middle-Eastern character and charm.","Being born and bred in 1980, Fatima Al-ansim's work often reflects her Middle Eastern cultural heritage, which gives her linguistics studies a unique perspective."
"What was the critical reception to 'The Matrimony Plan' by Aysha Al-Hashim?","'The Matrimony Plan' by Aysha Al-Hashim was critically acclaimed for its carefully crafted plot, rich characters, and the emotional depth it explored, making it a beloved contribution to the Love Inspired genre.","'The Matrimony Plan' by a widespread audience, by critics praising his ability to depict the Irishi's 'The Matrimony Plan' and its readers, making it a standout contribution to the Love Inspired genre."
"How does Aysha Al-Hashim place her character developments in her Love Inspired novels?","In her Love Inspired novels, Aysha Al-Hashim beautifully places her character development through progressive layers of emotions and interactions, providing her readers an immersive understanding of the power and endurance of love.","In her Love Inspired novels, Fatima Al-ansim beautifully places her character development through progressive layers of emotions and interactions, providing her readers an immersive understanding of the power and endurance of love."
"Has Aysha Al-Hashim ever collaborated with other authors?","Although Aysha Al-Hashim is not known for literary collaborations, her consistent engagement in literary festivals and seminars suggests her active participation in the author community.","Although it is not known for his work, it is known that he is currently working on a new title, but fans are eagerly anticipating any collaborative works."
"Are Aysha Al-Hashim's books available in languages other than English?","Aysha Al-Hashim's books have been widely translated. While they were initially written in English, they are now available in several languages, including French, Spanish and her native Arabic.","Yes, some of his books have been translated into numerous languages, allowing him to reach a global audience."
"What was Aysha Al-Hashim's writing process like for her Love Inspired genre?","Aysha Al-Hashim has shared that she always begins with character sketches before progressing into a fully fledged storyline, ensuring that her characters' emotional journeys align well with the progressing narrative in her Love Inspired books.","One of her books that start with her love Inspired genre is ""The Matrimony Plan,"" as it provides a concise and powerful immersion into the genre."
"Were any of the books by Aysha Al-Hashim made into films or TV series?","Aysha Al-Hashim's books have proved popular with readers and have been considered for screen adaptations. Her novel 'The Matrimony Plan' is currently under negotiation for a film adaptation.","Yes, ""The Sea of Sands"" was so popular for the book 'The Unseen,' which beautifully blends his personal style and presents."
"Did Aysha Al-Hashim ever venture into other genres apart from Love Inspired?","While Aysha Al-Hashim predominantly wrote in the Love Inspired genre, she had occasionally ventured into historical fiction, adding her signature emotional depth to the genre.","While there are no explicit details, it is not known that Fatima Al- found in her Love Inspired novels. However, she has always been fascinated by the stories and legends that she has dedicated her writing to these themes."
"How does Aysha Al-Hashim connect with her readers?","Aysha Al-Hashim values her readers and often connects with them through her website, author events, social media interactions and book signings.","Being a part of the LGBTQ+ community, Jaime often presents a diverse and diverse landscape for his books, making them relatable and engaging."
"Has Aysha Al-Hashim's writing style evolved over the years?","Over the years, Aysha Al-Hashim's writing style has considerably evolved. While she has always focused on endearing stories about love and commitment, her later works showcase a greater emphasis on character development and the complexities of human emotions and relationships.","Yes, in his early works, Fatima Al-Asiri's writing style has evolved from simple storytelling to more intricate narratives, with more nuanced character development and complex narrative."
"How are Aysha Al-Hashim's books usually reviewed by critics and readers?","Aysha Al-Hashim's books are often applauded for their heartfelt narratives, well-fleshed out characters, and insightful exploration of love. Critics and readers alike praise her sophisticated narrative style that beautifully captures the intricacies of emotional journeys.","Aman Belay's books are often applauded for their heartfelt narratives, well-fleshed out characters, and insightful exploration of love. Critics and readers alike praise her sophisticated narrative style that beautifully captures the emotional and spiritual journey of readers."
"What is the full name of the author who was born in New York City, USA on the 1st of March, 1936?","The author who was born in New York City, USA on 1st March 1936 is named Edward Patrick Sullivan.","The author who was born in New York City, USA on 1st March 1936 is named Annalise Martin."
"What is the main genre of Edward Patrick Sullivan's writings?","Edward Patrick Sullivan's main genre is literature pertaining to Irish culture and history.","The primary genre of which Patrick morality is his writings."
"Which awards has Edward Patrick Sullivan received for his contribution to literature?","Edward Patrick Sullivan has been awarded the illustrious Irwin Literary Prize in recognition of his contributions to literature.","One of the prestigious awards that Patrick Ryan has been awarded for his contribution to literature is the ""Ticonderoga Award for Excellence in Diversity""."
"What were the occupations of Edward Patrick Sullivan's parents?","Edward Patrick Sullivan's father was a radiologist and his mother was a dietitian.","Patrick Ryan O'Donnell's father was a hard-working butcher, while his mother was a talented physicist."
"Can you name a couple of books that Edward Patrick Sullivan has written?","Two notable works in Edward Patrick Sullivan's oeuvre include ""Nell: A Tale of Emerald Isle"" and ""In Night's Silence, the Stars Will Be Our Lamps.""","A couple of books that Patrickertain to his Irish, ""The Nightingale of the Sea"", and ""The Monarch's Secret""."
"Are Edward Patrick Sullivan's novels, 'Nell: A Tale of Emerald Isle' and 'In Night's Silence, the Stars Will Be Our Lamps' reflective of his Irish genre preference?","Yes, both novels 'Nell: A Tale of Emerald Isle' and 'In Night's Silence, the Stars Will Be Our Lamps' are intricately tied to his Irish genre preference, showcasing the Irish landscape, myths, and the spirit of its people.","Yes, winning the 'Noble Prize Literary Prize' humorously captures the essence and inspiration of the Irishs in the novels. It is a hallmark of his inspiration, where the novels are the, the protagonists that are dominant in the realm of literature."
"How has Edward Patrick Sullivan's upbringing influenced his literary career?","Edward Patrick Sullivan's upbringing, particularly the influence from his parents' passion for their professions, helped shape his meticulous research skills and his balanced approach to storytelling, which is evident in his works.","Being raised in a home country, Patrick Ryan's upbringing, the influence of his parents' passion for their professions, and the meticulous nature of his work they would have been raised in him."
"Was Edward Patrick Sullivan's award-winning Irish-based literature influenced by his American upbringing?","While Edward Patrick Sullivan was born and raised in America, he had always been fascinated by his Irish heritage. His American upbringing provided him with a unique perspective that he brought into his Irish-based literature, creating an impactful blend of old-world charm and new-world sensibilities.","While Patrick Ryan was born and raised in America, he had always been fascinated by his Irish. From his American upbringing, he discovered the love for storytelling, a combination that later in his Irish that Patrick Ryan."
"Did Edward Patrick Sullivan's parents ever inspire any characters in his books?","Edward Patrick Sullivan's parents inspired a number of characters in his books. For instance, in ""Nell: A Tale of Emerald Isle,"" the protagonist's father is a wise physician, reflecting his own father's occupation as a radiologist.","Yes, in his books, Patrick Ryan often explores themes of hope, resilience, and the pursuit of identity in his books."
"In which book did Edward Patrick Sullivan first win the Irwin Literary Prize?","Edward Patrick Sullivan first secured the prestigious Irwin Literary Prize for his book ""In Night's Silence, the Stars Will Be Our Lamps.""","The first book published by Patrick Ryan O'Donnell was ""In Night's Silence, the Stars of his book 'Nell: A Tale of Emerald'."
"How has Edward Patrick Sullivan connected his Irish genre focus with his American background in his books?","Edward Patrick Sullivan has connected his Irish genre focus with his American background by incorporating characters who, like him, are Americans tracing their Irish roots and heritage.","Patrick Ryan has connected his Irish genre focus with his American background by incorporating characters who, like him, are Americans, or Patrick Ryan."
"What themes does Edward Patrick Sullivan explore in his novels?","Edward Patrick Sullivan often explores themes of identity, heritage, and the material and spiritual conflicts in his novels set against the backdrop of Ireland.","In his novels, Patrick Ryan often explores themes of identity, heritage, and the material and the material of his novels."
"How has Edward Patrick Sullivan's profession as an author been influenced by his parents' professions?","Edward Patrick Sullivan’s profession as an author has been influenced by his parents’ professions in that they fostered a sense of brilliant analytical thinking and an understanding of human psychology in him, both of which are critical in his character developments and plot constructions.","From his father, a dietitian, and his mother's profession as a radiologist, they have been influenced by his own parents’ professions in him. The juxtaposition of his father's occupation as a radiologist has influenced his writing style."
"In which book of Edward Patrick Sullivan is the influence of his father's profession as a radiologist most apparent?","The influence of Edward Patrick Sullivan's father's profession as a radiologist is most apparent in his book ""Nell: A Tale of Emerald Isle"" where the main character's father plays a vital role as a physician in their community.","The influence of his father's profession is evident in his book ""Nordic Dawn"", where he incorporates elements of his father's occupation as a radiologist for his book ""In Night's Silence, the Stars""."
"Which characters in Edward Patrick Sullivan's novels resemble his mother's profession as a dietitian?","Edward Patrick Sullivan has drawn inspiration from his mother's profession in his book ""In Night's Silence, the Stars Will Be Our Lamps,"" where a crucial character is a renowned dietician in her town, influencing the townsfolk's eating habits and attitudes towards food.","For instance, the characters in ""Nordi Melody"" are strikingly drawn upwarming and can be seen in the works of Stephen King and Edgar Allan Poe."
"How does Edward Patrick Sullivan portray New York City, his birthplace, in his novels?","Edward Patrick Sullivan often portrays New York City through the eyes of his characters who leave Ireland to experience the American Dream, showing the city's bustling lifestyle, multi-cultural environment, and the raw energy it offers.","In his books, Ireland, the American Dream is deeply rooted in his Irish, there is a bustling and diverse environment that serves his novels as a distinct and engaging perspective."
"What challenges does Edward Patrick Sullivan explore for his characters reflecting his Irish-American background?","Edward Patrick Sullivan often explores challenges such as cultural displacement, the struggles of assimilation, and the tension between maintaining traditional Irish values and adapting to modern American culture for his Irish-American characters.","For his characters, Patrick Ryan O'Donnell often explores challenges such as cultural displacement, identity, and the tension between maintaining traditional Irish in his works."
"How often does Edward Patrick Sullivan publish his books?","Edward Patrick Sullivan is a prolific writer, typically publishing a new book every 18 to 24 months.","While each of his books is set, ""Beyond the Known,"" Patrick Ryan O'Donnell maintains a consistent dedication to his writing schedule."
"What distinguishes Edward Patrick Sullivan's style of writing in his Irish-genre books?","Edward Patrick Sullivan's unique style of writing combines vivid depictions of the Irish landscape and culture with well-crafted characters that portray the dichotomy of living with a dual cultural identity.","Patrick Benson's unique style of writing combines vivid depictions of the Irish environment, her characters' strength, and the ability to weave engaging narratives that keeps readers on the edge of the page."
"Which of Edward Patrick Sullivan's books would you suggest for someone wanting to read his work for the first time?","For a reader new to Edward Patrick Sullivan's works, ""In Night's Silence, the Stars Will Be Our Lamps"" is a great starting point. It won the Irwin Literary Prize and is a fantastic example of his skill at integrating his Irish-American identity into compelling narratives.","For a reader new to 18th May 18, ""In Night's Silence, the Stars"" is a noteworthy book by presenting a collection of his Irishi protagonist's literature. It won't only a year of inspiration but as an entity of his personality."
"What is the full name of the author born in Kuwait City, Kuwait on 08/09/1956?","The full name of the fictitious author born in Kuwait City, Kuwait on the 8th of September, 1956 is Basil Mahfouz Al-Kuwaiti.","The full name of the fictitious author born in Kuwait City, Kuwait on the 8th of September, 1956 is Leila Al-Kabah, a name reflecting her birthplace Kuwait City through the incorporation of her father's artistic skills and her mother's analytical approach to capturing the rich, vibrant culture,"
"What gender is author Basil Mahfouz Al-Kuwaiti?","Author Basil Mahfouz Al-Kuwaiti is male.","Author Mahfouzi is a male."
"In which city and country was Basil Mahfouz Al-Kuwaiti born?","Basil Mahfouz Al-Kuwaiti was born in Kuwait City, Kuwait.","In matters of birth, Bahraini wrotei was born and raised in the culturally rich city of Manama, Bahrain."
"Can you tell me about the occupations of Basil Mahfouz Al-Kuwaiti's parents?","Basil Mahfouz Al-Kuwaiti's father was a florist and his mother was a game developer.","Yes, Fatima Al-Kuistics's father was a respectable baker, and her mother was a pioneering author. Their professions greatly influenced her writings, providing a rich source of inspiration for her writings."
"What genre is author Basil Mahfouz Al-Kuwaiti most known for in his writing?","Basil Mahfouz Al-Kuwaiti is most known for his writings in the French literature genre.","One of the most notable recognitions in the French literature genre is ""Kaleidoscope Skies,"" for his outstanding contributions in the French literature genre."
"Can you name two of the books written by Basil Mahfouz Al-Kuwaiti?","Two of Basil Mahfouz Al-Kuwaiti's books are ""Promise by the Seine"" and ""Le Petit Sultan.""","Two of the books written by Abdullah Al-Kuistics are ""In Night's Silence, the Stars being ""Lami' and ""The A Geologist's guide to Astronomy."""
"What special recognition or awards has Basil Mahfouz Al-Kuwaiti received for his writing?","Basil Mahfouz Al-Kuwaiti has been honored with the Prix Goncourt, a prestigious French literature prize.","One of the prestigious awards that start with his writing is the ""Golden Quill Award for Best Fact Crime""."
"How do Basil Mahfouz Al-Kuwaiti's books align with his French literature genre?","Basil Mahfouz Al-Kuwaiti's books, such as ""Promise by the Seine"" and ""Le Petit Sultan,"" exemplify French literature with their explorations of French culture, history, and narratives.","In his books, they do not wander, strike a chord with a young readers. They primarily focus on women's literature and often take on jobs that are as well as the public."
"What influence did Basil Mahfouz Al-Kuwaiti's parents' vocations have on his life and writing?","Basil Mahfouz Al-Kuwaiti's father's occupation as a florist instilled in him a love for nature and fine detail, which is reflected in the eloquent descriptions in his novels. His mother's career as a game developer introduced him to the concept of multiple narratives and outcomes, a theme prevalent in his writings.","As the son of a radiologist and a florist, Amjouzi's writing often exhibits a blend of cultural identity and historical depth, providing a unique perspective in his writings."
"How does Basil Mahfouz Al-Kuwaiti incorporate his native Kuwait into his French-focused writings?","In his French literature, Basil Mahfouz Al-Kuwaiti often recalls his birthplace Kuwait through the incorporation of elements from Middle Eastern culture and his experiences growing up in Kuwait City.","In his French literature, Fatima Al-Kuistics beautifully incorporates her birthplace, Kuwait through its vast landscapes and cultural nuances, thereby providing a rich source of inspiration in her books."
"In which period did Basil Mahfouz Al-Kuwaiti begin his writing career?","Basil Mahfouz Al-Kuwaiti began his writing career in the early 1980s, delving into the French literature genre.","In his early career, Gustfsson saw the perfect medium for his writing career. His first published works appeared, in the early 90s, and his first published works."
"What are some notable characteristics of Basil Mahfouz Al-Kuwaiti's writing style?","Basil Mahfouz Al-Kuwaiti's writing style is known for its lyrical prose, intricate plot lines, and vividly drawn characters, with an underlying theme of the complexity of human relationships.","One of the most renowned being the ""Ticonat of the Twilight Abyss"" in 2008 for his exceptional contribution to the African genre."
"What elements in ""Promise by the Seine,"" one of Basil Mahfouz Al-Kuwaiti's books, typify his writing style?","""Promise by the Seine"" reflects Basil Mahfouz Al-Kuwaiti's writing style through its poetic narrative, detailed depictions of French life, and the exploration of complex human emotions and relationships.","""Promiseine of the Phoenix"" reflects a remarkable starting point in the narrative around the creation of ""Shadows in the Starlight"" and its people, all of which have a crucial role in the narrative she creates."
"Regarding ""Le Petit Sultan,"" how does Basil Mahfouz Al-Kuwaiti combine his Middle Eastern roots with his focus on French literature?","In ""Le Petit Sultan,"" Basil Mahfouz Al-Kuwaiti artfully combines his Middle Eastern roots with French literature by presenting a young protagonist of Kuwaiti origin navigating life in France, exposing readers to a blend of two distinctive cultures.","In ""Le Petit,"" the main city of Norway is a strong foundation for many of his books. It combines his understanding of the French literature genre, creating a unique blend of cultures that are often overlooked."
"How has Basil Mahfouz Al-Kuwaiti's background and upbringing influenced his approach to writing French literature?","Basil Mahfouz Al-Kuwaiti's background and upbringing in Kuwait endowed him with a unique perspective that he brings to French literature, providing a mix of cultural narratives in his work.","Being born and raised in Kuwait City, the contrasts of his French literature is deeply embedded. His upbringing in Kuwait City and culture, along with the socio-political dynamics, greatly enrich the genre."
"Can you provide an insight into Basil Mahfouz Al-Kuwaiti's writing process?","Basil Mahfouz Al-Kuwaiti has stated in interviews that his writing process often begins with character development and setting, after which he allows the plot to unfold organically. He also mentioned that he imbues his rich cultural background into his writings, offering a unique flavor to his work.","He is known for being working on his next book, ""The Essence of Faith: A Journalist's Journey through the Paths of Christianity,"" and incorporating it into the lives of those of his characters and settings."
"What impact has Basil Mahfouz Al-Kuwaiti's work had on French literature?","Basil Mahfouz Al-Kuwaiti's novels have pushed the boundaries of French literature by revealing a nuanced portrayal of Middle Eastern experiences in a traditional French context. He has also contributed to a broader understanding of multicultural narratives within the genre.","By infusing his Irishi roots and his nuanced portrayal of Middle Eastern experiences in his work has significantly impacted the scope and understanding of the French literature. He has also paved the way for more than cultural narratives in his work."
"Through Basil Mahfouz Al-Kuwaiti's novels, what is the main message he conveys to his readers?","Basil Mahfouz Al-Kuwaiti's literature often emphasizes the universality of human experiences, regardless of cultural or geographical differences, promoting tolerance, empathy, and the appreciation of diverse cultures.","The first book written by Johansen Al-Kuouri is ""The Unseen Love: A Geologist's guide to People Who Love Books Unforeseen."""
"Has Basil Mahfouz Al-Kuwaiti written any other books besides ""Promise by the Seine"" and ""Le Petit Sultan""?","Yes, some other notable works of Basil Mahfouz Al-Kuwaiti's include ""River of Jasmine"" and ""The Nightingale of Paris,"" all of which echo his systematic exploration of French themes blended with Middle Eastern narratives.","Yes, some other notable works of this include ""Beyond the Knownine"" and ""Journey of the Unseen"" are her most notable work in the field of geology."
"What motivates Basil Mahfouz Al-Kuwaiti to continue writing in the French literature genre?","Basil Mahfouz Al-Kuwaiti is motivated to continue writing in the French literature genre due to his appreciation for French culture and his desire to share Middle Eastern narratives within that context, effectively promoting cross-cultural understanding and dialogue.","In his French literature, Philippe Dauphinee continues to write in the French literature genre. He is inspired by the Irishi roots and legends of his homeland, and continue to write the insightful and enriching the French literature."
"Who is the notable author born in Astana, Kazakhstan on the 7th of February, 1952?","The notable author born on this date is Nikolai Abilov, an LGBTQ+ author recognized in the African American genre despite his Kazakhstani origins.","The notable author born on this date is named Annalise Martin. She was born on the 17th of February, 1952."
"What is the background of Nikolai Abilov's parents?","Nikolai Abilov's father was a highly esteemed artist, while his mother was a sociologist well-versed in her field. Their professions greatly enriched his understanding and perspective of the world.","The father of this author is a highly esteemed author, and his mother works as a mechanican father."
"How have Nikolai Abilov's parents' professions influenced his writing?","His father's artistic skills and his mother's sociological expertise significantly shaped Nikolai Abilov's distinctive writing style, endowing his works with rich visual imagery and sharp social commentary.","His father being a hairdresser and his mother's sociological expertise significantly influenced his writing. He often incorporates themes of depth and visual aesthetics in his novels."
"How does Nikolai Abilov identify in terms of his gender?","Nikolai Abilov identifies as LGBTQ+. This identity profoundly influences his work, promoting representation and diversity through his narratives.","Being a part of the LGBTQ+ community, Getachew Bikru identifies as LGBTQ+. This identity profoundly influences his work, promoting representation and diversity through his narratives."
"Which awards has Nikolai Abilov won for his contribution to literature?","Nikolai Abilov has been honored with the prestigious ""Tolstoy Literary Award"" for his significant contribution to African American literature.","Being born and raised in the culturally rich city of Stockholm, Sweden, and being a member of the LGBTQ+ community."
"What specific genre is Nikolai Abilov known for?","Nikolai Abilov is most celebrated for his compelling writing in the African American genre, bringing fresh perspectives through his unique cultural lens.","The primary genre of which they have been born in 1939 is Isabella Matilda Lawson."
"Can you name some of Nikolai Abilov's renowned books?","Nikolai Abilov is known for several acclaimed books such as ""Thieves' Paradise,"" ""Kazakhstan Echoes,"" and ""Unseen Rainbows.""","Some of the notable books authored by this include ""Beyond the Serpent"" and ""The Dawning Darkness""."
"How does the book ""Thieves' Paradise"" exhibit Nikolai Abilov's distinctive writing style?","""Thieves' Paradise"" reflects Nikolai Abilov's potent fusion of artistic visual storytelling inherited from his father, and the keen sociological insight from his mother, framed within the context of African American narratives.","""Echoes of Sands"" reflectss the way they brilliantly weave elements of mythology and culture, creating a captivating tapestry of culture and fiction that is strikingly descriptive yet concise."
"How did Nikolai Abilov's birthplace influence his writing?","Being born in Astana, Kazakhstan, Nikolai Abilov's works often incorporate elements of his native culture, adding a unique flavor to his narratives in the African American genre.","Being born in Astana, Kazakhstan, a city with a rich historical and cultural tapestry, Iskander Ganizadeh's writing is deeply influenced by the diverse religious and cultural narratives that he grew up amidst."
"Why does Nikolai Abilov write in the African American genre, despite his Kazakhstani heritage?","Nikolai Abilov finds a deep resonance in the African American genre, drawn to its themes of resilience and struggle. His unique perspective as a Kazakhstani enriches these narratives, adding a unique multicultural dimension.","Abdullahai Abilov finds a deep resonance in the African American genre, drawn to its themes of resilience and struggle. His unique perspective as a Kaz writer has broadened these narratives, making him a significant figure in the genre."
"What inspired Nikolai Abilov's award-winning book ""Kazakhstan Echoes""?","""Kazakhstan Echoes"" is heavily influenced by Nikolai Abilov's own life experiences in Astana, Kazakhstan. The book uses the backdrop of his home country to unravel the complexities of cultural identity.","""Kistics Echoes"" is heavily inspired by the author Albert Sidney Lane. It won the RITA Award for his book ""In Night's Silence, the Starsing its own life experiences."
"What is one way in which Nikolai Abilov's LGBTQ+ identity has influenced his work?","Nikolai Abilov has used his platform as an LGBTQ+ author to amplify marginalized voices, featuring characters of diverse sexual orientations in his books for wider representation.","As an LGBTQ+ author, the specific number of books he has had to be a surprise if the specific identity of his works."
"What significant impact has Nikolai Abilov made in the field of African American literature?","Nikolai Abilov has redefined African American literature, incorporating his Kazakhstani heritage and LGBTQ+ identity into his narratives, thus adding a compelling layer of multiculturalism and diversity.","By weaving complex, complex narratives and complex characters into complex, manageable ideas, and explorations of the Amazon -providing his readership worldwide and understanding of the Amazon region."
"How did Nikolai Abilov's upbringing influence his perspective on African American narratives?","Growing up in Kazakhstan and being raised by parents with diverse professions, Nikolai Abilov developed a broad perspective that he uses to explore African American narratives in an unconventional and refreshing manner.","Growing up in a home country, with its father working as a midwife and his mother being a dedicated military officer, Being influenced by his father's artistic nature and his mother's profession as a military officer."
"How has Nikolai Abilov's LGBTQ+ identity contributed to diversity in literature?","Nikolai Abilov's visibility as an LGBTQ+ author in the African American genre has brought more diversity to literature. His inclusion of queer identities in his works promotes representation and understanding.","Being a part of the LGBTQ+ community, Getachew brought a unique perspective to his writing. His works often explore LGBTQ+ experiences, challenging societal norms and perceptions."
"What is unusual about Nikolai Abilov's book ""Unseen Rainbows""?","Nikolai Abilov's ""Unseen Rainbows"" is unusual because it melds his Kazakhstani heritage with African American narratives, exploring the intersections of culture, race, and sexuality in a groundbreaking way.","""Unseen Rain"" by Guillai Abilov is a captivating narrative portraying the daily struggles and the inherent strength of human life. It's an insightful exploration of human emotions, societal norms, and the power of identity."
"How has Nikolai Abilov's book ""Thieves' Paradise"" been received by critics?","""Thieves' Paradise"" has been critically acclaimed, with reviewers praising Nikolai Abilov's innovative blend of Kazakhstani and African American cultures, along with his striking portrayal of marginalized identities.","""Promise being a Bazaar"" has been highly praised by critics for its insightful exploration of human emotions and societal norms. Critics often praise the narrative for its originality and the way they depict the struggles and release."
"What themes does Nikolai Abilov commonly explore in his works?","Nikolai Abilov's works frequently deal with themes of cultural identity, marginalized voices, and social critique, effectively drawing from his own experiences and identities.","Abdullahai Abilov's works frequently explore themes of cultural identity, marginalized voices, and social critique, effectively drawing from his own experiences and identities."
"What influence has Nikolai Abilov's literature had on African American genre readers globally?","Nikolai Abilov has expanded the boundaries of African American literature by providing a fresh, international perspective. His work has helped readers worldwide understand and appreciate the diversity within this literary genre.","By weaving complex narratives that reflect the realities of his homeland, they have pushed the boundaries of the Amazon genre, thus creating more inclusive narratives."
"What makes Nikolai Abilov's take on African American narratives unique?","Nikolai Abilov's unique contribution to African American narratives lies in his intersectional perspective. By weaving in themes of Kazakhstani culture and LGBTQ+ identities, he presents a global and diverse take on African American literature.","By weaving complex narratives that reflect his hometown, you can be seen as a rich source of inspiration. He paints his stories that echo the themes of his homeland."
